{
  "gizmos-infos": {
    "is2D": true,
    "is3DIcon": false,
    "iconSize": 2,
    "gridVisible": true,
    "gridColor": [
      150,
      150,
      150,
      255
    ],
    "isIconGizmo3D": false,
    "iconGizmoSize": 2,
    "isGridVisible": true
  },
  "camera-infos": {
    "f46876e4-e81b-4931-b493-6d367be385e7": {
      "position": {
        "x": 320,
        "y": 569,
        "z": 5000
      },
      "rotation": {
        "x": 0,
        "y": 0,
        "z": 0,
        "w": 1
      },
      "viewCenter": {
        "x": 0,
        "y": 0,
        "z": 0
      }
    },
    "00d808a1-0b5e-4886-b9a7-d016281c0f44": {
      "position": {
        "x": -38.88305045114021,
        "y": 637.7317613253529,
        "z": 5000
      },
      "rotation": {
        "x": 0,
        "y": 0,
        "z": 0,
        "w": 1
      },
      "viewCenter": {
        "x": 93.9082658916884,
        "y": 528.2472692795172,
        "z": 3.3851609702855967
      }
    },
    "7d130361-acc9-41e5-8570-6e83ef1f0b28": {
      "position": {
        "x": 741.5643806381865,
        "y": 475.07499216411316,
        "z": 5000
      },
      "rotation": {
        "x": 0,
        "y": 0,
        "z": 0,
        "w": 1
      },
      "viewCenter": {
        "x": 93.9082658916884,
        "y": 528.2472692795172,
        "z": 3.3851609702855967
      }
    },
    "a7eef863-ce2d-4ad9-bc6e-1b45beed6c01": {
      "position": {
        "x": 453.733062840555,
        "y": 532.2302436016356,
        "z": 5000
      },
      "rotation": {
        "x": 0,
        "y": 0,
        "z": 0,
        "w": 1
      },
      "viewCenter": {
        "x": 93.9082658916884,
        "y": 528.2472692795172,
        "z": 3.3851609702855967
      }
    }
  },
  "camera-uuids": [
    "a7eef863-ce2d-4ad9-bc6e-1b45beed6c01"
  ],
  "float-window": {
    "position": {
      "cc": {
        "Camera": {
          "dock": false,
          "top": null,
          "bottom": 10,
          "left": null,
          "right": 10
        }
      }
    }
  },
  "camera": {
    "fov": 45,
    "far": 10000,
    "near": 0.01,
    "color": [
      48,
      48,
      48,
      255
    ],
    "wheelSpeed": 0.01,
    "wanderSpeed": 10,
    "enableAcceleration": true,
    "far2D": 10000,
    "near2D": 1,
    "wheelSpeed2D": 6
  }
}
