{
  "gizmos-infos": {
    "is2D": true,
    "is3DIcon": false,
    "iconSize": 2,
    "gridVisible": true,
    "gridColor": [
      150,
      150,
      150,
      255
    ],
    "isIconGizmo3D": false,
    "iconGizmoSize": 2,
    "isGridVisible": true
  },
  "camera-infos": {
    "f46876e4-e81b-4931-b493-6d367be385e7": {
      "position": {
        "x": 80.5255,
        "y": 80.5255,
        "z": 80.5255
      },
      "rotation": {
        "x": -0.21375357879107565,
        "y": 0.1510606172337218,
        "z": 0.03347548631096403,
        "w": 0.9645566283485998
      },
      "viewCenter": {
        "x": 41.87690027003544,
        "y": 21.602017250587807,
        "z": -39.83802175947126
      }
    },
    "00d808a1-0b5e-4886-b9a7-d016281c0f44": {
      "position": {
        "x": 593.0103415864937,
        "y": -186.83592355147493,
        "z": 5000
      },
      "rotation": {
        "x": 0,
        "y": 0,
        "z": 0,
        "w": 1
      },
      "viewCenter": {
        "x": 604.6454450972852,
        "y": 358.34441731745625,
        "z": -47.12059752650981
      }
    }
  },
  "camera-uuids": [
    "00d808a1-0b5e-4886-b9a7-d016281c0f44"
  ],
  "float-window": {
    "position": {
      "cc": {
        "Camera": {
          "dock": false,
          "top": null,
          "bottom": 10,
          "left": null,
          "right": 10
        }
      }
    }
  }
}
